Stock,MAPE,RMSE,Directional Accuracy,ARIMA Order
HDFCBANK.NS,1.4385282811135094,19.503020382342196,47.58064516129033,"(2, 1, 2)"
TCS.NS,10.560574664404871,338.70235448826526,0.0,"(0, 1, 0)"
SUNPHARMA.NS,3.285220515955038,68.88501896133067,50.806451612903224,"(2, 1, 2)"
HINDUNILVR.NS,7.557981911702923,216.07751818312818,0.0,"(0, 1, 0)"
MARUTI.NS,16.6083944950893,3061.312631701973,54.03225806451613,"(2, 1, 1)"
RELIANCE.NS,5.014005287793754,82.12850407535525,0.8064516129032258,"(0, 1, 0)"
