Stock,Sector,Weight,Allocated Amount,Expected Return
HDFCBANK.NS,Banking,17.06,170569.08,0.007071280621979367
TCS.NS,IT,16.94,169364.69,0.05872548606777961
SUNPHARMA.NS,Pharma,17.07,170747.88,-0.028602731499464896
HINDUNILVR.NS,FMCG,17.65,176461.24,-0.005893402585042266
MARUTI.NS,Auto,15.56,155577.8,-0.2623239333017376
RELIANCE.NS,Energy,15.73,157279.31,-0.029334609794386287
