Stock,Day_1_Prediction,Day_2_Prediction
HDFCBANK.NS,996.4105517341253,997.5444019167227
TCS.NS,3376.09619140625,3376.09619140625
SUNPHARMA.NS,1660.6629123617492,1660.3864021932402
HINDUNILVR.NS,2276.702880859375,2276.702880859375
MARUTI.NS,12249.374849541267,12257.506206637621
RELIANCE.NS,1494.630615234375,1494.630615234375
